<?xml version="1.0" encoding="UTF-8"?>
<GenRun Id="impl_1" LaunchPart="xc7z010clg400-1" LaunchTime="1654036806">
  <File Type="WBT-USG" Name="usage_statistics_webtalk.html"/>
  <File Type="BITSTR-SYSDEF" Name="rvsingle_bd_wrapper.sysdef"/>
  <File Type="BITSTR-LTX" Name="debug_nets.ltx"/>
  <File Type="BITSTR-LTX" Name="rvsingle_bd_wrapper.ltx"/>
  <File Type="BG-BGN" Name="rvsingle_bd_wrapper.bgn"/>
  <File Type="RBD_FILE" Name="rvsingle_bd_wrapper.rbd"/>
  <File Type="BG-DRC" Name="rvsingle_bd_wrapper.drc"/>
  <File Type="NPI_FILE" Name="rvsingle_bd_wrapper.npi"/>
  <File Type="RNPI_FILE" Name="rvsingle_bd_wrapper.rnpi"/>
  <File Type="CFI_FILE" Name="rvsingle_bd_wrapper.cfi"/>
  <File Type="PDI-FILE" Name="rvsingle_bd_wrapper.pdi"/>
  <File Type="BITSTR-MMI" Name="rvsingle_bd_wrapper.mmi"/>
  <File Type="BITSTR-BMM" Name="rvsingle_bd_wrapper_bd.bmm"/>
  <File Type="BITSTR-NKY" Name="rvsingle_bd_wrapper.nky"/>
  <File Type="BITSTR-RBT" Name="rvsingle_bd_wrapper.rbt"/>
  <File Type="BITSTR-MSK" Name="rvsingle_bd_wrapper.msk"/>
  <File Type="BG-BIN" Name="rvsingle_bd_wrapper.bin"/>
  <File Type="RCFI_FILE" Name="rvsingle_bd_wrapper.rcfi"/>
  <File Type="BG-BIT" Name="rvsingle_bd_wrapper.bit"/>
  <File Type="POSTROUTE-PHYSOPT-BUS-SKEW-RPX" Name="rvsingle_bd_wrapper_bus_skew_postroute_physopted.rpx"/>
  <File Type="POSTROUTE-PHYSOPT-BUS-SKEW-PB" Name="rvsingle_bd_wrapper_bus_skew_postroute_physopted.pb"/>
  <File Type="POSTROUTE-PHYSOPT-BUS-SKEW" Name="rvsingle_bd_wrapper_bus_skew_postroute_physopted.rpt"/>
  <File Type="RDI-RDI" Name="rvsingle_bd_wrapper.vdi"/>
  <File Type="POSTROUTE-PHYSOPT-TIMING-RPX" Name="rvsingle_bd_wrapper_timing_summary_postroute_physopted.rpx"/>
  <File Type="POSTROUTE-PHYSOPT-TIMING-PB" Name="rvsingle_bd_wrapper_timing_summary_postroute_physopted.pb"/>
  <File Type="POSTROUTE-PHYSOPT-TIMING" Name="rvsingle_bd_wrapper_timing_summary_postroute_physopted.rpt"/>
  <File Type="POSTROUTE-PHYSOPT-BLACKBOX-DCP" Name="rvsingle_bd_wrapper_postroute_physopt_bb.dcp"/>
  <File Type="POSTROUTE-PHYSOPT-DCP" Name="rvsingle_bd_wrapper_postroute_physopt.dcp"/>
  <File Type="ROUTE-BUS-SKEW" Name="rvsingle_bd_wrapper_bus_skew_routed.rpt"/>
  <File Type="ROUTE-CLK" Name="rvsingle_bd_wrapper_clock_utilization_routed.rpt"/>
  <File Type="ROUTE-SIMILARITY" Name="rvsingle_bd_wrapper_incremental_reuse_routed.rpt"/>
  <File Type="ROUTE-TIMING-RPX" Name="rvsingle_bd_wrapper_timing_summary_routed.rpx"/>
  <File Type="ROUTE-TIMING-PB" Name="rvsingle_bd_wrapper_timing_summary_routed.pb"/>
  <File Type="ROUTE-TIMINGSUMMARY" Name="rvsingle_bd_wrapper_timing_summary_routed.rpt"/>
  <File Type="ROUTE-STATUS-PB" Name="rvsingle_bd_wrapper_route_status.pb"/>
  <File Type="ROUTE-STATUS" Name="rvsingle_bd_wrapper_route_status.rpt"/>
  <File Type="ROUTE-PWR-RPX" Name="rvsingle_bd_wrapper_power_routed.rpx"/>
  <File Type="ROUTE-PWR-SUM" Name="rvsingle_bd_wrapper_power_summary_routed.pb"/>
  <File Type="ROUTE-PWR" Name="rvsingle_bd_wrapper_power_routed.rpt"/>
  <File Type="ROUTE-METHODOLOGY-DRC-PB" Name="rvsingle_bd_wrapper_methodology_drc_routed.pb"/>
  <File Type="ROUTE-METHODOLOGY-DRC-RPX" Name="rvsingle_bd_wrapper_methodology_drc_routed.rpx"/>
  <File Type="ROUTE-METHODOLOGY-DRC" Name="rvsingle_bd_wrapper_methodology_drc_routed.rpt"/>
  <File Type="ROUTE-DRC-RPX" Name="rvsingle_bd_wrapper_drc_routed.rpx"/>
  <File Type="ROUTE-DRC-PB" Name="rvsingle_bd_wrapper_drc_routed.pb"/>
  <File Type="ROUTE-DRC" Name="rvsingle_bd_wrapper_drc_routed.rpt"/>
  <File Type="ROUTE-BLACKBOX-DCP" Name="rvsingle_bd_wrapper_routed_bb.dcp"/>
  <File Type="ROUTE-DCP" Name="rvsingle_bd_wrapper_routed.dcp"/>
  <File Type="ROUTE-ERROR-DCP" Name="rvsingle_bd_wrapper_routed_error.dcp"/>
  <File Type="PHYSOPT-TIMING" Name="rvsingle_bd_wrapper_timing_summary_physopted.rpt"/>
  <File Type="PHYSOPT-DRC" Name="rvsingle_bd_wrapper_drc_physopted.rpt"/>
  <File Type="PHYSOPT-DCP" Name="rvsingle_bd_wrapper_physopt.dcp"/>
  <File Type="POSTPLACE-PWROPT-TIMING" Name="rvsingle_bd_wrapper_timing_summary_postplace_pwropted.rpt"/>
  <File Type="POSTPLACE-PWROPT-DCP" Name="rvsingle_bd_wrapper_postplace_pwropt.dcp"/>
  <File Type="PLACE-TIMING" Name="rvsingle_bd_wrapper_timing_summary_placed.rpt"/>
  <File Type="PLACE-PRE-SIMILARITY" Name="rvsingle_bd_wrapper_incremental_reuse_pre_placed.rpt"/>
  <File Type="PLACE-SIMILARITY" Name="rvsingle_bd_wrapper_incremental_reuse_placed.rpt"/>
  <File Type="PLACE-CTRL" Name="rvsingle_bd_wrapper_control_sets_placed.rpt"/>
  <File Type="PLACE-UTIL-PB" Name="rvsingle_bd_wrapper_utilization_placed.pb"/>
  <File Type="PLACE-UTIL" Name="rvsingle_bd_wrapper_utilization_placed.rpt"/>
  <File Type="PLACE-CLK" Name="rvsingle_bd_wrapper_clock_utilization_placed.rpt"/>
  <File Type="PLACE-IO" Name="rvsingle_bd_wrapper_io_placed.rpt"/>
  <File Type="PLACE-DCP" Name="rvsingle_bd_wrapper_placed.dcp"/>
  <File Type="PWROPT-TIMING" Name="rvsingle_bd_wrapper_timing_summary_pwropted.rpt"/>
  <File Type="PWROPT-DRC" Name="rvsingle_bd_wrapper_drc_pwropted.rpt"/>
  <File Type="PWROPT-DCP" Name="rvsingle_bd_wrapper_pwropt.dcp"/>
  <File Type="OPT-TIMING" Name="rvsingle_bd_wrapper_timing_summary_opted.rpt"/>
  <File Type="OPT-HWDEF" Name="rvsingle_bd_wrapper.hwdef"/>
  <File Type="OPT-METHODOLOGY-DRC" Name="rvsingle_bd_wrapper_methodology_drc_opted.rpt"/>
  <File Type="OPT-DRC" Name="rvsingle_bd_wrapper_drc_opted.rpt"/>
  <File Type="OPT-DCP" Name="rvsingle_bd_wrapper_opt.dcp"/>
  <File Type="INIT-TIMING" Name="rvsingle_bd_wrapper_timing_summary_init.rpt"/>
  <File Type="ROUTE-BUS-SKEW-RPX" Name="rvsingle_bd_wrapper_bus_skew_routed.rpx"/>
  <File Type="REPORTS-TCL" Name="rvsingle_bd_wrapper_reports.tcl"/>
  <File Type="ROUTE-BUS-SKEW-PB" Name="rvsingle_bd_wrapper_bus_skew_routed.pb"/>
  <File Type="PA-TCL" Name="rvsingle_bd_wrapper.tcl"/>
  <FileSet Name="sources" Type="DesignSrcs" RelSrcDir="$PSRCDIR/sources_1">
    <Filter Type="Srcs"/>
    <File Path="$PPRDIR/../bd/rvsingle/rvsingle_bd.bd">
      <FileInfo>
        <Attr Name="UsedIn" Val="synthesis"/>
        <Attr Name="UsedIn" Val="implementation"/>
        <Attr Name="UsedIn" Val="simulation"/>
      </FileInfo>
    </File>
    <File Path="$PPRDIR/../bd/rvsingle/hdl/rvsingle_bd_wrapper.v">
      <FileInfo>
        <Attr Name="UsedIn" Val="synthesis"/>
        <Attr Name="UsedIn" Val="implementation"/>
        <Attr Name="UsedIn" Val="simulation"/>
      </FileInfo>
    </File>
    <File Path="$PPRDIR/../src/rvsingle/datapath/commom/adder.v">
      <FileInfo>
        <Attr Name="AutoDisabled" Val="1"/>
        <Attr Name="UsedIn" Val="synthesis"/>
        <Attr Name="UsedIn" Val="implementation"/>
        <Attr Name="UsedIn" Val="simulation"/>
      </FileInfo>
    </File>
    <File Path="$PPRDIR/../src/rvsingle/aluops.v">
      <FileInfo>
        <Attr Name="AutoDisabled" Val="1"/>
        <Attr Name="UsedIn" Val="synthesis"/>
        <Attr Name="UsedIn" Val="implementation"/>
        <Attr Name="UsedIn" Val="simulation"/>
      </FileInfo>
    </File>
    <File Path="$PPRDIR/../src/rvsingle/datapath/alu.v">
      <FileInfo>
        <Attr Name="AutoDisabled" Val="1"/>
        <Attr Name="UsedIn" Val="synthesis"/>
        <Attr Name="UsedIn" Val="implementation"/>
        <Attr Name="UsedIn" Val="simulation"/>
      </FileInfo>
    </File>
    <File Path="$PPRDIR/../src/rvsingle/controller/aludec.v">
      <FileInfo>
        <Attr Name="AutoDisabled" Val="1"/>
        <Attr Name="UsedIn" Val="synthesis"/>
        <Attr Name="UsedIn" Val="implementation"/>
        <Attr Name="UsedIn" Val="simulation"/>
      </FileInfo>
    </File>
    <File Path="$PPRDIR/../src/rvsingle/controller/controller.v">
      <FileInfo>
        <Attr Name="AutoDisabled" Val="1"/>
        <Attr Name="UsedIn" Val="synthesis"/>
        <Attr Name="UsedIn" Val="implementation"/>
        <Attr Name="UsedIn" Val="simulation"/>
      </FileInfo>
    </File>
    <File Path="$PPRDIR/../src/rvsingle/datapath/datapath.v">
      <FileInfo>
        <Attr Name="AutoDisabled" Val="1"/>
        <Attr Name="UsedIn" Val="synthesis"/>
        <Attr Name="UsedIn" Val="implementation"/>
        <Attr Name="UsedIn" Val="simulation"/>
      </FileInfo>
    </File>
    <File Path="$PPRDIR/../src/dmem/dmem.v">
      <FileInfo>
        <Attr Name="AutoDisabled" Val="1"/>
        <Attr Name="UsedIn" Val="synthesis"/>
        <Attr Name="UsedIn" Val="implementation"/>
        <Attr Name="UsedIn" Val="simulation"/>
      </FileInfo>
    </File>
    <File Path="$PPRDIR/../src/rvsingle/datapath/commom/extendImm.v">
      <FileInfo>
        <Attr Name="AutoDisabled" Val="1"/>
        <Attr Name="UsedIn" Val="synthesis"/>
        <Attr Name="UsedIn" Val="implementation"/>
        <Attr Name="UsedIn" Val="simulation"/>
      </FileInfo>
    </File>
    <File Path="$PPRDIR/../src/rvsingle/datapath/commom/flopr.v">
      <FileInfo>
        <Attr Name="AutoDisabled" Val="1"/>
        <Attr Name="UsedIn" Val="synthesis"/>
        <Attr Name="UsedIn" Val="implementation"/>
        <Attr Name="UsedIn" Val="simulation"/>
      </FileInfo>
    </File>
    <File Path="$PPRDIR/../src/imem/imem.v">
      <FileInfo>
        <Attr Name="AutoDisabled" Val="1"/>
        <Attr Name="UsedIn" Val="synthesis"/>
        <Attr Name="UsedIn" Val="implementation"/>
        <Attr Name="UsedIn" Val="simulation"/>
      </FileInfo>
    </File>
    <File Path="$PPRDIR/../src/rvsingle/controller/jumpdec.v">
      <FileInfo>
        <Attr Name="AutoDisabled" Val="1"/>
        <Attr Name="UsedIn" Val="synthesis"/>
        <Attr Name="UsedIn" Val="implementation"/>
        <Attr Name="UsedIn" Val="simulation"/>
      </FileInfo>
    </File>
    <File Path="$PPRDIR/../src/rvsingle/datapath/loaddec.v">
      <FileInfo>
        <Attr Name="AutoDisabled" Val="1"/>
        <Attr Name="UsedIn" Val="synthesis"/>
        <Attr Name="UsedIn" Val="implementation"/>
        <Attr Name="UsedIn" Val="simulation"/>
      </FileInfo>
    </File>
    <File Path="$PPRDIR/../src/rvsingle/controller/maindec.v">
      <FileInfo>
        <Attr Name="AutoDisabled" Val="1"/>
        <Attr Name="UsedIn" Val="synthesis"/>
        <Attr Name="UsedIn" Val="implementation"/>
        <Attr Name="UsedIn" Val="simulation"/>
      </FileInfo>
    </File>
    <File Path="$PPRDIR/../src/rvsingle/datapath/commom/mux2.v">
      <FileInfo>
        <Attr Name="AutoDisabled" Val="1"/>
        <Attr Name="UsedIn" Val="synthesis"/>
        <Attr Name="UsedIn" Val="implementation"/>
        <Attr Name="UsedIn" Val="simulation"/>
      </FileInfo>
    </File>
    <File Path="$PPRDIR/../src/rvsingle/datapath/commom/mux3.v">
      <FileInfo>
        <Attr Name="AutoDisabled" Val="1"/>
        <Attr Name="UsedIn" Val="synthesis"/>
        <Attr Name="UsedIn" Val="implementation"/>
        <Attr Name="UsedIn" Val="simulation"/>
      </FileInfo>
    </File>
    <File Path="$PPRDIR/../src/rvsingle/datapath/commom/mux4.v">
      <FileInfo>
        <Attr Name="AutoDisabled" Val="1"/>
        <Attr Name="UsedIn" Val="synthesis"/>
        <Attr Name="UsedIn" Val="implementation"/>
        <Attr Name="UsedIn" Val="simulation"/>
      </FileInfo>
    </File>
    <File Path="$PPRDIR/../src/rvsingle/datapath/commom/mux5.v">
      <FileInfo>
        <Attr Name="AutoDisabled" Val="1"/>
        <Attr Name="UsedIn" Val="synthesis"/>
        <Attr Name="UsedIn" Val="implementation"/>
        <Attr Name="UsedIn" Val="simulation"/>
      </FileInfo>
    </File>
    <File Path="$PPRDIR/../src/rvsingle/datapath/regfile.v">
      <FileInfo>
        <Attr Name="AutoDisabled" Val="1"/>
        <Attr Name="UsedIn" Val="synthesis"/>
        <Attr Name="UsedIn" Val="implementation"/>
        <Attr Name="UsedIn" Val="simulation"/>
      </FileInfo>
    </File>
    <File Path="$PPRDIR/../src/rvsingle/riscvsingle.v">
      <FileInfo>
        <Attr Name="AutoDisabled" Val="1"/>
        <Attr Name="UsedIn" Val="synthesis"/>
        <Attr Name="UsedIn" Val="implementation"/>
        <Attr Name="UsedIn" Val="simulation"/>
      </FileInfo>
    </File>
    <File Path="$PPRDIR/../src/top.v">
      <FileInfo>
        <Attr Name="AutoDisabled" Val="1"/>
        <Attr Name="UsedIn" Val="synthesis"/>
        <Attr Name="UsedIn" Val="implementation"/>
        <Attr Name="UsedIn" Val="simulation"/>
      </FileInfo>
    </File>
    <Config>
      <Option Name="DesignMode" Val="RTL"/>
      <Option Name="TopModule" Val="rvsingle_bd_wrapper"/>
    </Config>
  </FileSet>
  <FileSet Name="constrs_in" Type="Constrs" RelSrcDir="$PSRCDIR/constrs_1">
    <Filter Type="Constrs"/>
    <File Path="$PPRDIR/../constr/Zybo-Z7-Master.xdc">
      <FileInfo>
        <Attr Name="UsedIn" Val="synthesis"/>
        <Attr Name="UsedIn" Val="implementation"/>
      </FileInfo>
    </File>
    <Config>
      <Option Name="ConstrsType" Val="XDC"/>
    </Config>
  </FileSet>
  <FileSet Name="utils" Type="Utils" RelSrcDir="$PSRCDIR/utils_1">
    <Filter Type="Utils"/>
    <Config>
      <Option Name="TopAutoSet" Val="TRUE"/>
    </Config>
  </FileSet>
  <Strategy Version="1" Minor="2">
    <StratHandle Name="Vivado Implementation Defaults" Flow="Vivado Implementation 2019">
      <Desc>Default settings for Implementation.</Desc>
    </StratHandle>
    <Step Id="init_design"/>
    <Step Id="opt_design"/>
    <Step Id="power_opt_design"/>
    <Step Id="place_design"/>
    <Step Id="post_place_power_opt_design"/>
    <Step Id="phys_opt_design" EnableStepBool="1"/>
    <Step Id="route_design"/>
    <Step Id="post_route_phys_opt_design"/>
    <Step Id="write_bitstream"/>
  </Strategy>
  <BlockFileSet Type="BlockSrcs" Name="rvsingle_bd_dmem_0_2"/>
  <BlockFileSet Type="BlockSrcs" Name="rvsingle_bd_imem_0_3"/>
</GenRun>
