<?xml version="1.0" encoding="UTF-8"?>
<spirit:component xmlns:xilinx="http://www.xilinx.com" xmlns:spirit="http://www.spiritconsortium.org/XMLSchema/SPIRIT/1685-2009" xmlns:xsi="http://www.w3.org/2001/XMLSchema-instance">
  <spirit:vendor>user.org</spirit:vendor>
  <spirit:library>user</spirit:library>
  <spirit:name>imem_bram</spirit:name>
  <spirit:version>1.0</spirit:version>
  <spirit:busInterfaces>
    <spirit:busInterface>
      <spirit:name>clk</spirit:name>
      <spirit:busType spirit:vendor="xilinx.com" spirit:library="signal" spirit:name="clock" spirit:version="1.0"/>
      <spirit:abstractionType spirit:vendor="xilinx.com" spirit:library="signal" spirit:name="clock_rtl" spirit:version="1.0"/>
      <spirit:slave/>
      <spirit:portMaps>
        <spirit:portMap>
          <spirit:logicalPort>
            <spirit:name>CLK</spirit:name>
          </spirit:logicalPort>
          <spirit:physicalPort>
            <spirit:name>clk</spirit:name>
          </spirit:physicalPort>
        </spirit:portMap>
      </spirit:portMaps>
      <spirit:parameters>
        <spirit:parameter>
          <spirit:name>ASSOCIATED_BUSIF</spirit:name>
          <spirit:value spirit:id="BUSIFPARAM_VALUE.CLK.ASSOCIATED_BUSIF">clk</spirit:value>
        </spirit:parameter>
      </spirit:parameters>
    </spirit:busInterface>
  </spirit:busInterfaces>
  <spirit:model>
    <spirit:views>
      <spirit:view>
        <spirit:name>xilinx_anylanguagesynthesis</spirit:name>
        <spirit:displayName>Synthesis</spirit:displayName>
        <spirit:envIdentifier>:vivado.xilinx.com:synthesis</spirit:envIdentifier>
        <spirit:language>Verilog</spirit:language>
        <spirit:modelName>imem</spirit:modelName>
        <spirit:fileSetRef>
          <spirit:localName>xilinx_anylanguagesynthesis_xilinx_com_ip_blk_mem_gen_8_4__ref_view_fileset</spirit:localName>
        </spirit:fileSetRef>
        <spirit:fileSetRef>
          <spirit:localName>xilinx_anylanguagesynthesis_view_fileset</spirit:localName>
        </spirit:fileSetRef>
        <spirit:parameters>
          <spirit:parameter>
            <spirit:name>viewChecksum</spirit:name>
            <spirit:value>a7c62a89</spirit:value>
          </spirit:parameter>
        </spirit:parameters>
      </spirit:view>
      <spirit:view>
        <spirit:name>xilinx_anylanguagebehavioralsimulation</spirit:name>
        <spirit:displayName>Simulation</spirit:displayName>
        <spirit:envIdentifier>:vivado.xilinx.com:simulation</spirit:envIdentifier>
        <spirit:language>Verilog</spirit:language>
        <spirit:modelName>imem</spirit:modelName>
        <spirit:fileSetRef>
          <spirit:localName>xilinx_anylanguagebehavioralsimulation_xilinx_com_ip_blk_mem_gen_8_4__ref_view_fileset</spirit:localName>
        </spirit:fileSetRef>
        <spirit:fileSetRef>
          <spirit:localName>xilinx_anylanguagebehavioralsimulation_view_fileset</spirit:localName>
        </spirit:fileSetRef>
        <spirit:parameters>
          <spirit:parameter>
            <spirit:name>viewChecksum</spirit:name>
            <spirit:value>a7c62a89</spirit:value>
          </spirit:parameter>
        </spirit:parameters>
      </spirit:view>
      <spirit:view>
        <spirit:name>xilinx_xpgui</spirit:name>
        <spirit:displayName>UI Layout</spirit:displayName>
        <spirit:envIdentifier>:vivado.xilinx.com:xgui.ui</spirit:envIdentifier>
        <spirit:fileSetRef>
          <spirit:localName>xilinx_xpgui_view_fileset</spirit:localName>
        </spirit:fileSetRef>
        <spirit:parameters>
          <spirit:parameter>
            <spirit:name>viewChecksum</spirit:name>
            <spirit:value>f92e9879</spirit:value>
          </spirit:parameter>
        </spirit:parameters>
      </spirit:view>
    </spirit:views>
    <spirit:ports>
      <spirit:port>
        <spirit:name>clk</spirit:name>
        <spirit:wire>
          <spirit:direction>in</spirit:direction>
          <spirit:wireTypeDefs>
            <spirit:wireTypeDef>
              <spirit:typeName>std_logic</spirit:typeName>
              <spirit:viewNameRef>xilinx_anylanguagesynthesis</spirit:viewNameRef>
              <spirit:viewNameRef>xilinx_anylanguagebehavioralsimulation</spirit:viewNameRef>
            </spirit:wireTypeDef>
          </spirit:wireTypeDefs>
        </spirit:wire>
      </spirit:port>
      <spirit:port>
        <spirit:name>a</spirit:name>
        <spirit:wire>
          <spirit:direction>in</spirit:direction>
          <spirit:vector>
            <spirit:left spirit:format="long">31</spirit:left>
            <spirit:right spirit:format="long">0</spirit:right>
          </spirit:vector>
          <spirit:wireTypeDefs>
            <spirit:wireTypeDef>
              <spirit:typeName>wire</spirit:typeName>
              <spirit:viewNameRef>xilinx_anylanguagesynthesis</spirit:viewNameRef>
              <spirit:viewNameRef>xilinx_anylanguagebehavioralsimulation</spirit:viewNameRef>
            </spirit:wireTypeDef>
          </spirit:wireTypeDefs>
        </spirit:wire>
      </spirit:port>
      <spirit:port>
        <spirit:name>rd</spirit:name>
        <spirit:wire>
          <spirit:direction>out</spirit:direction>
          <spirit:vector>
            <spirit:left spirit:format="long">31</spirit:left>
            <spirit:right spirit:format="long">0</spirit:right>
          </spirit:vector>
          <spirit:wireTypeDefs>
            <spirit:wireTypeDef>
              <spirit:typeName>wire</spirit:typeName>
              <spirit:viewNameRef>xilinx_anylanguagesynthesis</spirit:viewNameRef>
              <spirit:viewNameRef>xilinx_anylanguagebehavioralsimulation</spirit:viewNameRef>
            </spirit:wireTypeDef>
          </spirit:wireTypeDefs>
        </spirit:wire>
      </spirit:port>
    </spirit:ports>
  </spirit:model>
  <spirit:fileSets>
    <spirit:fileSet>
      <spirit:name>xilinx_anylanguagesynthesis_view_fileset</spirit:name>
      <spirit:file>
        <spirit:name>src/bram/bram.xci</spirit:name>
        <spirit:userFileType>xci</spirit:userFileType>
      </spirit:file>
      <spirit:file>
        <spirit:name>instr.COE</spirit:name>
        <spirit:userFileType>coe</spirit:userFileType>
      </spirit:file>
      <spirit:file>
        <spirit:name>src/imem.v</spirit:name>
        <spirit:fileType>verilogSource</spirit:fileType>
        <spirit:userFileType>CHECKSUM_ba551eb2</spirit:userFileType>
      </spirit:file>
    </spirit:fileSet>
    <spirit:fileSet>
      <spirit:name>xilinx_anylanguagesynthesis_xilinx_com_ip_blk_mem_gen_8_4__ref_view_fileset</spirit:name>
      <spirit:vendorExtensions>
        <xilinx:subCoreRef>
          <xilinx:componentRef xsi:type="xilinx:componentRefType" xilinx:vendor="xilinx.com" xilinx:library="ip" xilinx:name="blk_mem_gen" xilinx:version="8.4">
            <xilinx:mode xilinx:name="create_mode"/>
          </xilinx:componentRef>
        </xilinx:subCoreRef>
      </spirit:vendorExtensions>
    </spirit:fileSet>
    <spirit:fileSet>
      <spirit:name>xilinx_anylanguagebehavioralsimulation_view_fileset</spirit:name>
      <spirit:file>
        <spirit:name>src/bram/bram.xci</spirit:name>
        <spirit:userFileType>xci</spirit:userFileType>
      </spirit:file>
      <spirit:file>
        <spirit:name>instr.COE</spirit:name>
        <spirit:userFileType>coe</spirit:userFileType>
      </spirit:file>
      <spirit:file>
        <spirit:name>src/imem.v</spirit:name>
        <spirit:fileType>verilogSource</spirit:fileType>
      </spirit:file>
    </spirit:fileSet>
    <spirit:fileSet>
      <spirit:name>xilinx_anylanguagebehavioralsimulation_xilinx_com_ip_blk_mem_gen_8_4__ref_view_fileset</spirit:name>
      <spirit:vendorExtensions>
        <xilinx:subCoreRef>
          <xilinx:componentRef xilinx:vendor="xilinx.com" xilinx:library="ip" xilinx:name="blk_mem_gen" xilinx:version="8.4">
            <xilinx:mode xilinx:name="create_mode"/>
          </xilinx:componentRef>
        </xilinx:subCoreRef>
      </spirit:vendorExtensions>
    </spirit:fileSet>
    <spirit:fileSet>
      <spirit:name>xilinx_xpgui_view_fileset</spirit:name>
      <spirit:file>
        <spirit:name>xgui/imem_bram_v1_0.tcl</spirit:name>
        <spirit:fileType>tclSource</spirit:fileType>
        <spirit:userFileType>CHECKSUM_f92e9879</spirit:userFileType>
        <spirit:userFileType>XGUI_VERSION_2</spirit:userFileType>
      </spirit:file>
    </spirit:fileSet>
  </spirit:fileSets>
  <spirit:description>imem_bram</spirit:description>
  <spirit:parameters>
    <spirit:parameter>
      <spirit:name>Component_Name</spirit:name>
      <spirit:value spirit:resolve="user" spirit:id="PARAM_VALUE.Component_Name" spirit:order="1">imem_v1_0</spirit:value>
    </spirit:parameter>
  </spirit:parameters>
  <spirit:vendorExtensions>
    <xilinx:coreExtensions>
      <xilinx:supportedFamilies>
        <xilinx:family xilinx:lifeCycle="Production">virtex7</xilinx:family>
        <xilinx:family xilinx:lifeCycle="Production">qvirtex7</xilinx:family>
        <xilinx:family xilinx:lifeCycle="Production">kintex7</xilinx:family>
        <xilinx:family xilinx:lifeCycle="Production">kintex7l</xilinx:family>
        <xilinx:family xilinx:lifeCycle="Production">qkintex7</xilinx:family>
        <xilinx:family xilinx:lifeCycle="Production">qkintex7l</xilinx:family>
        <xilinx:family xilinx:lifeCycle="Production">akintex7</xilinx:family>
        <xilinx:family xilinx:lifeCycle="Production">artix7</xilinx:family>
        <xilinx:family xilinx:lifeCycle="Production">artix7l</xilinx:family>
        <xilinx:family xilinx:lifeCycle="Production">aartix7</xilinx:family>
        <xilinx:family xilinx:lifeCycle="Production">qartix7</xilinx:family>
        <xilinx:family xilinx:lifeCycle="Production">zynq</xilinx:family>
        <xilinx:family xilinx:lifeCycle="Production">qzynq</xilinx:family>
        <xilinx:family xilinx:lifeCycle="Production">azynq</xilinx:family>
        <xilinx:family xilinx:lifeCycle="Production">spartan7</xilinx:family>
        <xilinx:family xilinx:lifeCycle="Production">aspartan7</xilinx:family>
        <xilinx:family xilinx:lifeCycle="Production">virtexu</xilinx:family>
        <xilinx:family xilinx:lifeCycle="Production">zynquplus</xilinx:family>
        <xilinx:family xilinx:lifeCycle="Production">virtexuplus</xilinx:family>
        <xilinx:family xilinx:lifeCycle="Production">virtexuplusHBM</xilinx:family>
        <xilinx:family xilinx:lifeCycle="Production">virtexuplus58g</xilinx:family>
        <xilinx:family xilinx:lifeCycle="Production">kintexuplus</xilinx:family>
        <xilinx:family xilinx:lifeCycle="Production">kintexu</xilinx:family>
      </xilinx:supportedFamilies>
      <xilinx:taxonomies>
        <xilinx:taxonomy>/UserIP</xilinx:taxonomy>
      </xilinx:taxonomies>
      <xilinx:displayName>imem_bram</xilinx:displayName>
      <xilinx:definitionSource>package_project</xilinx:definitionSource>
      <xilinx:xpmLibraries>
        <xilinx:xpmLibrary>XPM_MEMORY</xilinx:xpmLibrary>
      </xilinx:xpmLibraries>
      <xilinx:coreRevision>4</xilinx:coreRevision>
      <xilinx:upgrades>
        <xilinx:canUpgradeFrom>user.org:user:imem:1.0</xilinx:canUpgradeFrom>
      </xilinx:upgrades>
      <xilinx:coreCreationDateTime>2022-05-30T12:11:27Z</xilinx:coreCreationDateTime>
      <xilinx:tags>
        <xilinx:tag xilinx:name="nopcore"/>
        <xilinx:tag xilinx:name="ui.data.coregen.dd@7d37bd00_ARCHIVE_LOCATION">/home/tomas/riscv-processor/ips/imem_bram</xilinx:tag>
        <xilinx:tag xilinx:name="ui.data.coregen.dd@be84408_ARCHIVE_LOCATION">/home/tomas/riscv-processor/ips/imem_bram</xilinx:tag>
        <xilinx:tag xilinx:name="ui.data.coregen.dd@64ee226c_ARCHIVE_LOCATION">/home/tomas/riscv-processor/ips/imem_bram</xilinx:tag>
        <xilinx:tag xilinx:name="ui.data.coregen.dd@5df0e614_ARCHIVE_LOCATION">/home/tomas/riscv-processor/ips/imem_bram</xilinx:tag>
        <xilinx:tag xilinx:name="ui.data.coregen.dd@57cba61c_ARCHIVE_LOCATION">/home/tomas/riscv-processor/ips/imem_bram</xilinx:tag>
        <xilinx:tag xilinx:name="ui.data.coregen.dd@1c65b280_ARCHIVE_LOCATION">/home/tomas/riscv-processor/ips/imem_bram</xilinx:tag>
        <xilinx:tag xilinx:name="ui.data.coregen.dd@2a8b77d4_ARCHIVE_LOCATION">/home/tomas/riscv-processor/ips/imem_bram</xilinx:tag>
        <xilinx:tag xilinx:name="ui.data.coregen.dd@1008410b_ARCHIVE_LOCATION">/home/tomas/riscv-processor/ips/imem_bram</xilinx:tag>
        <xilinx:tag xilinx:name="ui.data.coregen.dd@321e1dbd_ARCHIVE_LOCATION">/home/tomas/riscv-processor/ips/imem_bram</xilinx:tag>
        <xilinx:tag xilinx:name="ui.data.coregen.dd@71df432d_ARCHIVE_LOCATION">/home/tomas/riscv-processor/ips/imem_bram</xilinx:tag>
        <xilinx:tag xilinx:name="ui.data.coregen.dd@1f90c099_ARCHIVE_LOCATION">/home/tomas/riscv-processor/ips/imem_bram</xilinx:tag>
        <xilinx:tag xilinx:name="ui.data.coregen.dd@860a178_ARCHIVE_LOCATION">/home/tomas/riscv-processor/ips/imem_bram</xilinx:tag>
        <xilinx:tag xilinx:name="ui.data.coregen.dd@67704b05_ARCHIVE_LOCATION">/home/tomas/riscv-processor/ips/imem_bram</xilinx:tag>
        <xilinx:tag xilinx:name="ui.data.coregen.dd@65043a53_ARCHIVE_LOCATION">/home/tomas/riscv-processor/ips/imem_bram</xilinx:tag>
        <xilinx:tag xilinx:name="ui.data.coregen.dd@611c681d_ARCHIVE_LOCATION">/home/tomas/riscv-processor/ips/imem_bram</xilinx:tag>
        <xilinx:tag xilinx:name="ui.data.coregen.dd@19530e29_ARCHIVE_LOCATION">/home/tomas/riscv-processor/ips/imem_bram</xilinx:tag>
        <xilinx:tag xilinx:name="ui.data.coregen.dd@31fc00a_ARCHIVE_LOCATION">/home/tomas/riscv-processor/ips/imem_bram</xilinx:tag>
        <xilinx:tag xilinx:name="ui.data.coregen.dd@789fe5ce_ARCHIVE_LOCATION">/home/tomas/riscv-processor/ips/imem_bram</xilinx:tag>
        <xilinx:tag xilinx:name="ui.data.coregen.dd@592614d6_ARCHIVE_LOCATION">/home/tomas/riscv-processor/ips/imem_bram</xilinx:tag>
        <xilinx:tag xilinx:name="ui.data.coregen.dd@aefa63a_ARCHIVE_LOCATION">/home/tomas/riscv-processor/ips/imem_bram</xilinx:tag>
        <xilinx:tag xilinx:name="ui.data.coregen.dd@3745166_ARCHIVE_LOCATION">/home/tomas/riscv-processor/ips/imem_bram</xilinx:tag>
        <xilinx:tag xilinx:name="ui.data.coregen.dd@3897d97_ARCHIVE_LOCATION">/home/tomas/riscv-processor/ips/imem_bram</xilinx:tag>
        <xilinx:tag xilinx:name="ui.data.coregen.dd@7119ae11_ARCHIVE_LOCATION">/home/tomas/riscv-processor/ips/imem_bram</xilinx:tag>
        <xilinx:tag xilinx:name="ui.data.coregen.dd@51e53f03_ARCHIVE_LOCATION">/home/tomas/riscv-processor/ips/imem_bram</xilinx:tag>
        <xilinx:tag xilinx:name="ui.data.coregen.dd@14ad8be1_ARCHIVE_LOCATION">/home/tomas/riscv-processor/ips/imem_bram</xilinx:tag>
        <xilinx:tag xilinx:name="ui.data.coregen.dd@2a0789a7_ARCHIVE_LOCATION">/home/tomas/riscv-processor/ips/imem_bram</xilinx:tag>
        <xilinx:tag xilinx:name="ui.data.coregen.dd@6e7105be_ARCHIVE_LOCATION">/home/tomas/riscv-processor/ips/imem_bram</xilinx:tag>
        <xilinx:tag xilinx:name="ui.data.coregen.dd@381dc20b_ARCHIVE_LOCATION">/home/tomas/riscv-processor/ips/imem_bram</xilinx:tag>
        <xilinx:tag xilinx:name="ui.data.coregen.dd@1599914a_ARCHIVE_LOCATION">/home/tomas/riscv-processor/ips/imem_bram</xilinx:tag>
        <xilinx:tag xilinx:name="ui.data.coregen.dd@299c7111_ARCHIVE_LOCATION">/home/tomas/riscv-processor/ips/imem_bram</xilinx:tag>
        <xilinx:tag xilinx:name="ui.data.coregen.dd@6118edc5_ARCHIVE_LOCATION">/home/tomas/riscv-processor/ips/imem_bram</xilinx:tag>
        <xilinx:tag xilinx:name="ui.data.coregen.dd@7c0ef835_ARCHIVE_LOCATION">/home/tomas/riscv-processor/ips/imem_bram</xilinx:tag>
        <xilinx:tag xilinx:name="ui.data.coregen.dd@1f1d4493_ARCHIVE_LOCATION">/home/tomas/riscv-processor/ips/imem_bram</xilinx:tag>
        <xilinx:tag xilinx:name="ui.data.coregen.dd@7a9bd1a4_ARCHIVE_LOCATION">/home/tomas/riscv-processor/ips/imem_bram</xilinx:tag>
        <xilinx:tag xilinx:name="ui.data.coregen.dd@20e136a3_ARCHIVE_LOCATION">/home/tomas/riscv-processor/ips/imem_bram</xilinx:tag>
        <xilinx:tag xilinx:name="ui.data.coregen.dd@4544eb70_ARCHIVE_LOCATION">/home/tomas/riscv-processor/ips/imem_bram</xilinx:tag>
        <xilinx:tag xilinx:name="ui.data.coregen.dd@3609f9f8_ARCHIVE_LOCATION">/home/tomas/riscv-processor/ips/imem_bram</xilinx:tag>
        <xilinx:tag xilinx:name="ui.data.coregen.dd@261efdd2_ARCHIVE_LOCATION">/home/tomas/riscv-processor/ips/imem_bram</xilinx:tag>
        <xilinx:tag xilinx:name="ui.data.coregen.dd@6a669e63_ARCHIVE_LOCATION">/home/tomas/riscv-processor/ips/imem_bram</xilinx:tag>
        <xilinx:tag xilinx:name="ui.data.coregen.dd@2fd45203_ARCHIVE_LOCATION">/home/tomas/riscv-processor/ips/imem_bram</xilinx:tag>
        <xilinx:tag xilinx:name="ui.data.coregen.dd@6f2cf220_ARCHIVE_LOCATION">/home/tomas/riscv-processor/ips/imem_bram</xilinx:tag>
        <xilinx:tag xilinx:name="ui.data.coregen.dd@6e73f1ba_ARCHIVE_LOCATION">/home/tomas/riscv-processor/ips/imem_bram</xilinx:tag>
        <xilinx:tag xilinx:name="ui.data.coregen.dd@52b2e594_ARCHIVE_LOCATION">/home/tomas/riscv-processor/ips/imem_bram</xilinx:tag>
        <xilinx:tag xilinx:name="ui.data.coregen.dd@54e23452_ARCHIVE_LOCATION">/home/tomas/riscv-processor/ips/imem_bram</xilinx:tag>
        <xilinx:tag xilinx:name="ui.data.coregen.dd@78036ff_ARCHIVE_LOCATION">/home/tomas/riscv-processor/ips/imem_bram</xilinx:tag>
        <xilinx:tag xilinx:name="ui.data.coregen.dd@6dd77e90_ARCHIVE_LOCATION">/home/tomas/riscv-processor/ips/imem_bram</xilinx:tag>
        <xilinx:tag xilinx:name="ui.data.coregen.dd@4de9efc7_ARCHIVE_LOCATION">/home/tomas/riscv-processor/ips/imem_bram</xilinx:tag>
        <xilinx:tag xilinx:name="ui.data.coregen.dd@4bc56217_ARCHIVE_LOCATION">/home/tomas/riscv-processor/ips/imem_bram</xilinx:tag>
        <xilinx:tag xilinx:name="ui.data.coregen.dd@78c9f4d3_ARCHIVE_LOCATION">/home/tomas/riscv-processor/ips/imem_bram</xilinx:tag>
        <xilinx:tag xilinx:name="ui.data.coregen.dd@6a094332_ARCHIVE_LOCATION">/home/tomas/riscv-processor/ips/imem_bram</xilinx:tag>
        <xilinx:tag xilinx:name="ui.data.coregen.dd@2a1f751f_ARCHIVE_LOCATION">/home/tomas/riscv-processor/ips/imem_bram</xilinx:tag>
        <xilinx:tag xilinx:name="ui.data.coregen.dd@1eaef05c_ARCHIVE_LOCATION">/home/tomas/riscv-processor/ips/imem_bram</xilinx:tag>
        <xilinx:tag xilinx:name="ui.data.coregen.dd@301b3dd_ARCHIVE_LOCATION">/home/tomas/riscv-processor/ips/imem_bram</xilinx:tag>
        <xilinx:tag xilinx:name="ui.data.coregen.dd@7e6047bb_ARCHIVE_LOCATION">/home/tomas/riscv-processor/ips/imem_bram</xilinx:tag>
        <xilinx:tag xilinx:name="ui.data.coregen.dd@3caa6894_ARCHIVE_LOCATION">/home/tomas/riscv-processor/ips/imem_bram</xilinx:tag>
        <xilinx:tag xilinx:name="ui.data.coregen.dd@71777d27_ARCHIVE_LOCATION">/home/tomas/riscv-processor/ips/imem_bram</xilinx:tag>
        <xilinx:tag xilinx:name="ui.data.coregen.dd@39fec7b6_ARCHIVE_LOCATION">/home/tomas/riscv-processor/ips/imem_bram</xilinx:tag>
        <xilinx:tag xilinx:name="ui.data.coregen.dd@2996ae89_ARCHIVE_LOCATION">/home/tomas/riscv-processor/ips/imem_bram</xilinx:tag>
        <xilinx:tag xilinx:name="ui.data.coregen.dd@23b10cf4_ARCHIVE_LOCATION">/home/tomas/riscv-processor/ips/imem_bram</xilinx:tag>
        <xilinx:tag xilinx:name="ui.data.coregen.dd@541609a8_ARCHIVE_LOCATION">/home/tomas/riscv-processor/ips/imem_bram</xilinx:tag>
        <xilinx:tag xilinx:name="ui.data.coregen.dd@4bbf0933_ARCHIVE_LOCATION">/home/tomas/riscv-processor/ips/imem_bram</xilinx:tag>
      </xilinx:tags>
    </xilinx:coreExtensions>
    <xilinx:packagingInfo>
      <xilinx:xilinxVersion>2019.2</xilinx:xilinxVersion>
      <xilinx:checksum xilinx:scope="busInterfaces" xilinx:value="5feec1e4"/>
      <xilinx:checksum xilinx:scope="fileGroups" xilinx:value="6b790303"/>
      <xilinx:checksum xilinx:scope="ports" xilinx:value="f6f013ba"/>
      <xilinx:checksum xilinx:scope="parameters" xilinx:value="cf3cbe4e"/>
    </xilinx:packagingInfo>
  </spirit:vendorExtensions>
</spirit:component>
