<?xml version="1.0" encoding="UTF-8"?>
<GenRun Id="impl_1" LaunchPart="xc7z010clg400-1" LaunchTime="1654032161">
  <File Type="WBT-USG" Name="usage_statistics_webtalk.html"/>
  <File Type="BITSTR-SYSDEF" Name="rvpipeline_wrapper.sysdef"/>
  <File Type="BITSTR-LTX" Name="debug_nets.ltx"/>
  <File Type="BITSTR-LTX" Name="rvpipeline_wrapper.ltx"/>
  <File Type="BG-BGN" Name="rvpipeline_wrapper.bgn"/>
  <File Type="RBD_FILE" Name="rvpipeline_wrapper.rbd"/>
  <File Type="BG-DRC" Name="rvpipeline_wrapper.drc"/>
  <File Type="NPI_FILE" Name="rvpipeline_wrapper.npi"/>
  <File Type="RNPI_FILE" Name="rvpipeline_wrapper.rnpi"/>
  <File Type="CFI_FILE" Name="rvpipeline_wrapper.cfi"/>
  <File Type="PDI-FILE" Name="rvpipeline_wrapper.pdi"/>
  <File Type="BITSTR-MMI" Name="rvpipeline_wrapper.mmi"/>
  <File Type="BITSTR-BMM" Name="rvpipeline_wrapper_bd.bmm"/>
  <File Type="BITSTR-NKY" Name="rvpipeline_wrapper.nky"/>
  <File Type="BITSTR-RBT" Name="rvpipeline_wrapper.rbt"/>
  <File Type="BITSTR-MSK" Name="rvpipeline_wrapper.msk"/>
  <File Type="BG-BIN" Name="rvpipeline_wrapper.bin"/>
  <File Type="RCFI_FILE" Name="rvpipeline_wrapper.rcfi"/>
  <File Type="BG-BIT" Name="rvpipeline_wrapper.bit"/>
  <File Type="POSTROUTE-PHYSOPT-BUS-SKEW-RPX" Name="rvpipeline_wrapper_bus_skew_postroute_physopted.rpx"/>
  <File Type="POSTROUTE-PHYSOPT-BUS-SKEW-PB" Name="rvpipeline_wrapper_bus_skew_postroute_physopted.pb"/>
  <File Type="POSTROUTE-PHYSOPT-BUS-SKEW" Name="rvpipeline_wrapper_bus_skew_postroute_physopted.rpt"/>
  <File Type="RDI-RDI" Name="rvpipeline_wrapper.vdi"/>
  <File Type="POSTROUTE-PHYSOPT-TIMING-RPX" Name="rvpipeline_wrapper_timing_summary_postroute_physopted.rpx"/>
  <File Type="POSTROUTE-PHYSOPT-TIMING-PB" Name="rvpipeline_wrapper_timing_summary_postroute_physopted.pb"/>
  <File Type="POSTROUTE-PHYSOPT-TIMING" Name="rvpipeline_wrapper_timing_summary_postroute_physopted.rpt"/>
  <File Type="POSTROUTE-PHYSOPT-BLACKBOX-DCP" Name="rvpipeline_wrapper_postroute_physopt_bb.dcp"/>
  <File Type="POSTROUTE-PHYSOPT-DCP" Name="rvpipeline_wrapper_postroute_physopt.dcp"/>
  <File Type="ROUTE-BUS-SKEW" Name="rvpipeline_wrapper_bus_skew_routed.rpt"/>
  <File Type="ROUTE-CLK" Name="rvpipeline_wrapper_clock_utilization_routed.rpt"/>
  <File Type="ROUTE-SIMILARITY" Name="rvpipeline_wrapper_incremental_reuse_routed.rpt"/>
  <File Type="ROUTE-TIMING-RPX" Name="rvpipeline_wrapper_timing_summary_routed.rpx"/>
  <File Type="ROUTE-TIMING-PB" Name="rvpipeline_wrapper_timing_summary_routed.pb"/>
  <File Type="ROUTE-TIMINGSUMMARY" Name="rvpipeline_wrapper_timing_summary_routed.rpt"/>
  <File Type="ROUTE-STATUS-PB" Name="rvpipeline_wrapper_route_status.pb"/>
  <File Type="ROUTE-STATUS" Name="rvpipeline_wrapper_route_status.rpt"/>
  <File Type="ROUTE-PWR-RPX" Name="rvpipeline_wrapper_power_routed.rpx"/>
  <File Type="ROUTE-PWR-SUM" Name="rvpipeline_wrapper_power_summary_routed.pb"/>
  <File Type="ROUTE-PWR" Name="rvpipeline_wrapper_power_routed.rpt"/>
  <File Type="ROUTE-METHODOLOGY-DRC-PB" Name="rvpipeline_wrapper_methodology_drc_routed.pb"/>
  <File Type="ROUTE-METHODOLOGY-DRC-RPX" Name="rvpipeline_wrapper_methodology_drc_routed.rpx"/>
  <File Type="ROUTE-METHODOLOGY-DRC" Name="rvpipeline_wrapper_methodology_drc_routed.rpt"/>
  <File Type="ROUTE-DRC-RPX" Name="rvpipeline_wrapper_drc_routed.rpx"/>
  <File Type="ROUTE-DRC-PB" Name="rvpipeline_wrapper_drc_routed.pb"/>
  <File Type="ROUTE-DRC" Name="rvpipeline_wrapper_drc_routed.rpt"/>
  <File Type="ROUTE-BLACKBOX-DCP" Name="rvpipeline_wrapper_routed_bb.dcp"/>
  <File Type="ROUTE-DCP" Name="rvpipeline_wrapper_routed.dcp"/>
  <File Type="ROUTE-ERROR-DCP" Name="rvpipeline_wrapper_routed_error.dcp"/>
  <File Type="PHYSOPT-TIMING" Name="rvpipeline_wrapper_timing_summary_physopted.rpt"/>
  <File Type="PHYSOPT-DRC" Name="rvpipeline_wrapper_drc_physopted.rpt"/>
  <File Type="PHYSOPT-DCP" Name="rvpipeline_wrapper_physopt.dcp"/>
  <File Type="POSTPLACE-PWROPT-TIMING" Name="rvpipeline_wrapper_timing_summary_postplace_pwropted.rpt"/>
  <File Type="POSTPLACE-PWROPT-DCP" Name="rvpipeline_wrapper_postplace_pwropt.dcp"/>
  <File Type="PLACE-TIMING" Name="rvpipeline_wrapper_timing_summary_placed.rpt"/>
  <File Type="PLACE-PRE-SIMILARITY" Name="rvpipeline_wrapper_incremental_reuse_pre_placed.rpt"/>
  <File Type="PLACE-SIMILARITY" Name="rvpipeline_wrapper_incremental_reuse_placed.rpt"/>
  <File Type="PLACE-CTRL" Name="rvpipeline_wrapper_control_sets_placed.rpt"/>
  <File Type="PLACE-UTIL-PB" Name="rvpipeline_wrapper_utilization_placed.pb"/>
  <File Type="PLACE-UTIL" Name="rvpipeline_wrapper_utilization_placed.rpt"/>
  <File Type="PLACE-CLK" Name="rvpipeline_wrapper_clock_utilization_placed.rpt"/>
  <File Type="PLACE-IO" Name="rvpipeline_wrapper_io_placed.rpt"/>
  <File Type="PLACE-DCP" Name="rvpipeline_wrapper_placed.dcp"/>
  <File Type="PWROPT-TIMING" Name="rvpipeline_wrapper_timing_summary_pwropted.rpt"/>
  <File Type="PWROPT-DRC" Name="rvpipeline_wrapper_drc_pwropted.rpt"/>
  <File Type="PWROPT-DCP" Name="rvpipeline_wrapper_pwropt.dcp"/>
  <File Type="OPT-TIMING" Name="rvpipeline_wrapper_timing_summary_opted.rpt"/>
  <File Type="OPT-HWDEF" Name="rvpipeline_wrapper.hwdef"/>
  <File Type="OPT-METHODOLOGY-DRC" Name="rvpipeline_wrapper_methodology_drc_opted.rpt"/>
  <File Type="OPT-DRC" Name="rvpipeline_wrapper_drc_opted.rpt"/>
  <File Type="OPT-DCP" Name="rvpipeline_wrapper_opt.dcp"/>
  <File Type="INIT-TIMING" Name="rvpipeline_wrapper_timing_summary_init.rpt"/>
  <File Type="ROUTE-BUS-SKEW-RPX" Name="rvpipeline_wrapper_bus_skew_routed.rpx"/>
  <File Type="REPORTS-TCL" Name="rvpipeline_wrapper_reports.tcl"/>
  <File Type="ROUTE-BUS-SKEW-PB" Name="rvpipeline_wrapper_bus_skew_routed.pb"/>
  <File Type="PA-TCL" Name="rvpipeline_wrapper.tcl"/>
  <FileSet Name="sources" Type="DesignSrcs" RelSrcDir="$PSRCDIR/sources_1">
    <Filter Type="Srcs"/>
    <File Path="$PPRDIR/../bd/rvpipeline/rvpipeline.bd">
      <FileInfo>
        <Attr Name="UsedIn" Val="synthesis"/>
        <Attr Name="UsedIn" Val="implementation"/>
        <Attr Name="UsedIn" Val="simulation"/>
      </FileInfo>
    </File>
    <File Path="$PPRDIR/../bd/rvpipeline/hdl/rvpipeline_wrapper.v">
      <FileInfo>
        <Attr Name="UsedIn" Val="synthesis"/>
        <Attr Name="UsedIn" Val="implementation"/>
        <Attr Name="UsedIn" Val="simulation"/>
      </FileInfo>
    </File>
    <File Path="$PPRDIR/../ip/bram_32bit/bram_32bit.xci">
      <FileInfo>
        <Attr Name="AutoDisabled" Val="1"/>
        <Attr Name="UsedIn" Val="synthesis"/>
        <Attr Name="UsedIn" Val="implementation"/>
        <Attr Name="UsedIn" Val="simulation"/>
      </FileInfo>
    </File>
    <File Path="$PPRDIR/../ip/bram/bram.xci">
      <FileInfo>
        <Attr Name="AutoDisabled" Val="1"/>
        <Attr Name="UsedIn" Val="synthesis"/>
        <Attr Name="UsedIn" Val="implementation"/>
        <Attr Name="UsedIn" Val="simulation"/>
      </FileInfo>
    </File>
    <File Path="$PPRDIR/../src/rvpipeline/datapath/commom/adder.v">
      <FileInfo>
        <Attr Name="AutoDisabled" Val="1"/>
        <Attr Name="UsedIn" Val="synthesis"/>
        <Attr Name="UsedIn" Val="implementation"/>
        <Attr Name="UsedIn" Val="simulation"/>
      </FileInfo>
    </File>
    <File Path="$PPRDIR/../src/rvpipeline/aluops.v">
      <FileInfo>
        <Attr Name="AutoDisabled" Val="1"/>
        <Attr Name="UsedIn" Val="synthesis"/>
        <Attr Name="UsedIn" Val="implementation"/>
        <Attr Name="UsedIn" Val="simulation"/>
      </FileInfo>
    </File>
    <File Path="$PPRDIR/../src/rvpipeline/datapath/alu.v">
      <FileInfo>
        <Attr Name="AutoDisabled" Val="1"/>
        <Attr Name="UsedIn" Val="synthesis"/>
        <Attr Name="UsedIn" Val="implementation"/>
        <Attr Name="UsedIn" Val="simulation"/>
      </FileInfo>
    </File>
    <File Path="$PPRDIR/../src/rvpipeline/controller/aludec.v">
      <FileInfo>
        <Attr Name="AutoDisabled" Val="1"/>
        <Attr Name="UsedIn" Val="synthesis"/>
        <Attr Name="UsedIn" Val="implementation"/>
        <Attr Name="UsedIn" Val="simulation"/>
      </FileInfo>
    </File>
    <File Path="$PPRDIR/../src/rvpipeline/controller/controller.v">
      <FileInfo>
        <Attr Name="AutoDisabled" Val="1"/>
        <Attr Name="UsedIn" Val="synthesis"/>
        <Attr Name="UsedIn" Val="implementation"/>
        <Attr Name="UsedIn" Val="simulation"/>
      </FileInfo>
    </File>
    <File Path="$PPRDIR/../src/rvpipeline/datapath/datapath.v">
      <FileInfo>
        <Attr Name="AutoDisabled" Val="1"/>
        <Attr Name="UsedIn" Val="synthesis"/>
        <Attr Name="UsedIn" Val="implementation"/>
        <Attr Name="UsedIn" Val="simulation"/>
      </FileInfo>
    </File>
    <File Path="$PPRDIR/../src/dmem/dmem.v">
      <FileInfo>
        <Attr Name="AutoDisabled" Val="1"/>
        <Attr Name="UsedIn" Val="synthesis"/>
        <Attr Name="UsedIn" Val="implementation"/>
        <Attr Name="UsedIn" Val="simulation"/>
      </FileInfo>
    </File>
    <File Path="$PPRDIR/../src/rvpipeline/datapath/commom/extendImm.v">
      <FileInfo>
        <Attr Name="AutoDisabled" Val="1"/>
        <Attr Name="UsedIn" Val="synthesis"/>
        <Attr Name="UsedIn" Val="implementation"/>
        <Attr Name="UsedIn" Val="simulation"/>
      </FileInfo>
    </File>
    <File Path="$PPRDIR/../src/rvpipeline/datapath/commom/flopenr.v">
      <FileInfo>
        <Attr Name="AutoDisabled" Val="1"/>
        <Attr Name="UsedIn" Val="synthesis"/>
        <Attr Name="UsedIn" Val="implementation"/>
        <Attr Name="UsedIn" Val="simulation"/>
      </FileInfo>
    </File>
    <File Path="$PPRDIR/../src/rvpipeline/datapath/commom/flopenrsync.v">
      <FileInfo>
        <Attr Name="AutoDisabled" Val="1"/>
        <Attr Name="UsedIn" Val="synthesis"/>
        <Attr Name="UsedIn" Val="implementation"/>
        <Attr Name="UsedIn" Val="simulation"/>
      </FileInfo>
    </File>
    <File Path="$PPRDIR/../src/rvpipeline/datapath/commom/flopr.v">
      <FileInfo>
        <Attr Name="AutoDisabled" Val="1"/>
        <Attr Name="UsedIn" Val="synthesis"/>
        <Attr Name="UsedIn" Val="implementation"/>
        <Attr Name="UsedIn" Val="simulation"/>
      </FileInfo>
    </File>
    <File Path="$PPRDIR/../src/rvpipeline/hazardUnit.v">
      <FileInfo>
        <Attr Name="AutoDisabled" Val="1"/>
        <Attr Name="UsedIn" Val="synthesis"/>
        <Attr Name="UsedIn" Val="implementation"/>
        <Attr Name="UsedIn" Val="simulation"/>
      </FileInfo>
    </File>
    <File Path="$PPRDIR/../src/imem/imem.v">
      <FileInfo>
        <Attr Name="AutoDisabled" Val="1"/>
        <Attr Name="UsedIn" Val="synthesis"/>
        <Attr Name="UsedIn" Val="implementation"/>
        <Attr Name="UsedIn" Val="simulation"/>
      </FileInfo>
    </File>
    <File Path="$PPRDIR/../src/rvpipeline/controller/jumpdec.v">
      <FileInfo>
        <Attr Name="AutoDisabled" Val="1"/>
        <Attr Name="UsedIn" Val="synthesis"/>
        <Attr Name="UsedIn" Val="implementation"/>
        <Attr Name="UsedIn" Val="simulation"/>
      </FileInfo>
    </File>
    <File Path="$PPRDIR/../src/rvpipeline/datapath/loaddec.v">
      <FileInfo>
        <Attr Name="AutoDisabled" Val="1"/>
        <Attr Name="UsedIn" Val="synthesis"/>
        <Attr Name="UsedIn" Val="implementation"/>
        <Attr Name="UsedIn" Val="simulation"/>
      </FileInfo>
    </File>
    <File Path="$PPRDIR/../src/rvpipeline/controller/maindec.v">
      <FileInfo>
        <Attr Name="AutoDisabled" Val="1"/>
        <Attr Name="UsedIn" Val="synthesis"/>
        <Attr Name="UsedIn" Val="implementation"/>
        <Attr Name="UsedIn" Val="simulation"/>
      </FileInfo>
    </File>
    <File Path="$PPRDIR/../src/rvpipeline/datapath/commom/mux2.v">
      <FileInfo>
        <Attr Name="AutoDisabled" Val="1"/>
        <Attr Name="UsedIn" Val="synthesis"/>
        <Attr Name="UsedIn" Val="implementation"/>
        <Attr Name="UsedIn" Val="simulation"/>
      </FileInfo>
    </File>
    <File Path="$PPRDIR/../src/rvpipeline/datapath/commom/mux3.v">
      <FileInfo>
        <Attr Name="AutoDisabled" Val="1"/>
        <Attr Name="UsedIn" Val="synthesis"/>
        <Attr Name="UsedIn" Val="implementation"/>
        <Attr Name="UsedIn" Val="simulation"/>
      </FileInfo>
    </File>
    <File Path="$PPRDIR/../src/rvpipeline/datapath/commom/mux4.v">
      <FileInfo>
        <Attr Name="AutoDisabled" Val="1"/>
        <Attr Name="UsedIn" Val="synthesis"/>
        <Attr Name="UsedIn" Val="implementation"/>
        <Attr Name="UsedIn" Val="simulation"/>
      </FileInfo>
    </File>
    <File Path="$PPRDIR/../src/rvpipeline/controller/pipelineDE_ctrl.v">
      <FileInfo>
        <Attr Name="AutoDisabled" Val="1"/>
        <Attr Name="UsedIn" Val="synthesis"/>
        <Attr Name="UsedIn" Val="implementation"/>
        <Attr Name="UsedIn" Val="simulation"/>
      </FileInfo>
    </File>
    <File Path="$PPRDIR/../src/rvpipeline/datapath/pipelineDE_dp.v">
      <FileInfo>
        <Attr Name="AutoDisabled" Val="1"/>
        <Attr Name="UsedIn" Val="synthesis"/>
        <Attr Name="UsedIn" Val="implementation"/>
        <Attr Name="UsedIn" Val="simulation"/>
      </FileInfo>
    </File>
    <File Path="$PPRDIR/../src/rvpipeline/controller/pipelineEM_ctrl.v">
      <FileInfo>
        <Attr Name="AutoDisabled" Val="1"/>
        <Attr Name="UsedIn" Val="synthesis"/>
        <Attr Name="UsedIn" Val="implementation"/>
        <Attr Name="UsedIn" Val="simulation"/>
      </FileInfo>
    </File>
    <File Path="$PPRDIR/../src/rvpipeline/datapath/pipelineEM_dp.v">
      <FileInfo>
        <Attr Name="AutoDisabled" Val="1"/>
        <Attr Name="UsedIn" Val="synthesis"/>
        <Attr Name="UsedIn" Val="implementation"/>
        <Attr Name="UsedIn" Val="simulation"/>
      </FileInfo>
    </File>
    <File Path="$PPRDIR/../src/rvpipeline/datapath/pipelineFD_dp.v">
      <FileInfo>
        <Attr Name="AutoDisabled" Val="1"/>
        <Attr Name="UsedIn" Val="synthesis"/>
        <Attr Name="UsedIn" Val="implementation"/>
        <Attr Name="UsedIn" Val="simulation"/>
      </FileInfo>
    </File>
    <File Path="$PPRDIR/../src/rvpipeline/controller/pipelineMW_ctrl.v">
      <FileInfo>
        <Attr Name="AutoDisabled" Val="1"/>
        <Attr Name="UsedIn" Val="synthesis"/>
        <Attr Name="UsedIn" Val="implementation"/>
        <Attr Name="UsedIn" Val="simulation"/>
      </FileInfo>
    </File>
    <File Path="$PPRDIR/../src/rvpipeline/datapath/pipelineMW_dp.v">
      <FileInfo>
        <Attr Name="AutoDisabled" Val="1"/>
        <Attr Name="UsedIn" Val="synthesis"/>
        <Attr Name="UsedIn" Val="implementation"/>
        <Attr Name="UsedIn" Val="simulation"/>
      </FileInfo>
    </File>
    <File Path="$PPRDIR/../src/rvpipeline/datapath/regfile.v">
      <FileInfo>
        <Attr Name="AutoDisabled" Val="1"/>
        <Attr Name="UsedIn" Val="synthesis"/>
        <Attr Name="UsedIn" Val="implementation"/>
        <Attr Name="UsedIn" Val="simulation"/>
      </FileInfo>
    </File>
    <File Path="$PPRDIR/../src/rvpipeline/riscvpipeline.v">
      <FileInfo>
        <Attr Name="AutoDisabled" Val="1"/>
        <Attr Name="UsedIn" Val="synthesis"/>
        <Attr Name="UsedIn" Val="implementation"/>
        <Attr Name="UsedIn" Val="simulation"/>
      </FileInfo>
    </File>
    <File Path="$PPRDIR/../src/top.v">
      <FileInfo>
        <Attr Name="AutoDisabled" Val="1"/>
        <Attr Name="UsedIn" Val="synthesis"/>
        <Attr Name="UsedIn" Val="implementation"/>
        <Attr Name="UsedIn" Val="simulation"/>
      </FileInfo>
    </File>
    <File Path="$PPRDIR/../../ips/imem_bram/instr.COE">
      <FileInfo>
        <Attr Name="UsedIn" Val="synthesis"/>
        <Attr Name="UsedIn" Val="simulation"/>
      </FileInfo>
    </File>
    <File Path="$PPRDIR/../bd/rvpipeline/ip/rvpipeline_imem_bram_0_0/instr.COE"/>
    <Config>
      <Option Name="DesignMode" Val="RTL"/>
      <Option Name="TopModule" Val="rvpipeline_wrapper"/>
    </Config>
  </FileSet>
  <FileSet Name="constrs_in" Type="Constrs" RelSrcDir="$PSRCDIR/constrs_1">
    <Filter Type="Constrs"/>
    <File Path="$PPRDIR/../constr/Zybo-Z7-Master.xdc">
      <FileInfo>
        <Attr Name="UsedIn" Val="synthesis"/>
        <Attr Name="UsedIn" Val="implementation"/>
      </FileInfo>
    </File>
    <Config>
      <Option Name="ConstrsType" Val="XDC"/>
    </Config>
  </FileSet>
  <FileSet Name="utils" Type="Utils" RelSrcDir="$PSRCDIR/utils_1">
    <Filter Type="Utils"/>
    <Config>
      <Option Name="TopAutoSet" Val="TRUE"/>
    </Config>
  </FileSet>
  <Strategy Version="1" Minor="2">
    <StratHandle Name="Vivado Implementation Defaults" Flow="Vivado Implementation 2019">
      <Desc>Default settings for Implementation.</Desc>
    </StratHandle>
    <Step Id="init_design"/>
    <Step Id="opt_design"/>
    <Step Id="power_opt_design"/>
    <Step Id="place_design"/>
    <Step Id="post_place_power_opt_design"/>
    <Step Id="phys_opt_design" EnableStepBool="1"/>
    <Step Id="route_design"/>
    <Step Id="post_route_phys_opt_design"/>
    <Step Id="write_bitstream"/>
  </Strategy>
</GenRun>
